{"cameraMode":{"drawMode":0,"name":"Shaded","section":"Shading Mode"},"sceneLighting":false,"audioPlay":false,"sceneViewState":{"showFog":true,"showMaterialUpdate":false,"showSkybox":false,"showFlares":true,"showImageEffects":true,"showParticleSystems":true},"in2DMode":false,"pivot":{"x":5.0,"y":2.000000476837158,"z":-4.999997615814209},"rotation":{"x":0.03181948885321617,"y":0.9659059643745422,"z":-0.14480653405189515,"w":0.21224693953990937},"size":21.307283401489259,"orthographic":false}