{"cameraMode":{"drawMode":0,"name":"Shaded","section":"Shading Mode"},"sceneLighting":true,"audioPlay":false,"sceneViewState":{"showFog":true,"showMaterialUpdate":false,"showSkybox":true,"showFlares":true,"showImageEffects":true,"showParticleSystems":true},"in2DMode":false,"pivot":{"x":13.65733814239502,"y":2.895031452178955,"z":3.605489492416382},"rotation":{"x":-0.255256325006485,"y":0.5286333560943604,"z":-0.1705302596092224,"w":-0.7914284467697144},"size":6.589999675750732,"orthographic":false}